id,first_name,last_name,created_at,updated_at
3,Mariah,Toy,2012-03-27 14:54:10 UTC,2012-03-27 14:54:10 UTC
4,Leanne,Braun,2012-03-27 14:54:10 UTC,2012-03-27 14:54:10 UTC
5,Sylvester,Nader,2012-03-27 14:54:10 UTC,2012-03-27 14:54:10 UTC
6,Heber,Kuhn,2012-03-27 14:54:10 UTC,2012-03-27 14:54:10 UTC
7,Parker,Daugherty,2012-03-27 14:54:10 UTC,2012-03-27 14:54:10 UTC
8,Loyal,Considine,2012-03-27 14:54:11 UTC,2012-03-27 14:54:11 UTC
9,Dejon,Fadel,2012-03-27 14:54:11 UTC,2012-03-27 14:54:11 UTC
10,Ramona,Reynolds,2012-03-27 14:54:11 UTC,2012-03-27 14:54:11 UTC
16,Amara,Hoppe,2012-03-27 14:54:13 UTC,2012-03-27 14:54:13 UTC
21,Felipe,Luettgen,2012-03-27 14:54:15 UTC,2012-03-27 14:54:15 UTC
22,Constance,Brekke,2012-03-27 14:54:15 UTC,2012-03-27 14:54:15 UTC
23,Ashly,Nader,2012-03-27 14:54:16 UTC,2012-03-27 14:54:16 UTC
24,Esteban,Jenkins,2012-03-27 14:54:16 UTC,2012-03-27 14:54:16 UTC
25,Kirstin,Wehner,2012-03-27 14:54:16 UTC,2012-03-27 14:54:16 UTC
26,Macie,Sawayn,2012-03-27 14:54:16 UTC,2012-03-27 14:54:16 UTC
27,Thalia,Upton,2012-03-27 14:54:16 UTC,2012-03-27 14:54:16 UTC
28,Wilfred,Emmerich,2012-03-27 14:54:16 UTC,2012-03-27 14:54:16 UTC
29,Albina,Erdman,2012-03-27 14:54:17 UTC,2012-03-27 14:54:17 UTC
30,Elva,Hermann,2012-03-27 14:54:17 UTC,2012-03-27 14:54:17 UTC
31,Marielle,Schumm,2012-03-27 14:54:17 UTC,2012-03-27 14:54:17 UTC
32,Pasquale,Konopelski,2012-03-27 14:54:18 UTC,2012-03-27 14:54:18 UTC
33,Flossie,Lubowitz,2012-03-27 14:54:18 UTC,2012-03-27 14:54:18 UTC
34,Henderson,Hackett,2012-03-27 14:54:18 UTC,2012-03-27 14:54:18 UTC
35,Pamela,Gulgowski,2012-03-27 14:54:18 UTC,2012-03-27 14:54:18 UTC
36,Sophia,Kunze,2012-03-27 14:54:18 UTC,2012-03-27 14:54:18 UTC
37,Maryam,Connelly,2012-03-27 14:54:18 UTC,2012-03-27 14:54:18 UTC
38,Charles,Jewess,2012-03-27 14:54:18 UTC,2012-03-27 14:54:18 UTC
39,Corbin,Gislason,2012-03-27 14:54:19 UTC,2012-03-27 14:54:19 UTC
40,Kristopher,Luettgen,2012-03-27 14:54:19 UTC,2012-03-27 14:54:19 UTC
41,Amelia,Schuster,2012-03-27 14:54:19 UTC,2012-03-27 14:54:19 UTC
42,Cornelius,Terry,2012-03-27 14:54:19 UTC,2012-03-27 14:54:19 UTC
43,Shaun,Pfannerstill,2012-03-27 14:54:20 UTC,2012-03-27 14:54:20 UTC
44,Lela,Upton,2012-03-27 14:54:20 UTC,2012-03-27 14:54:20 UTC
45,Lukas,Dach,2012-03-27 14:54:20 UTC,2012-03-27 14:54:20 UTC
46,Edwardo,Dickens,2012-03-27 14:54:20 UTC,2012-03-27 14:54:20 UTC
47,Wayne,Witting,2012-03-27 14:54:20 UTC,2012-03-27 14:54:20 UTC
48,Hope,Lakin,2012-03-27 14:54:20 UTC,2012-03-27 14:54:20 UTC
49,Adrianna,Crona,2012-03-27 14:54:20 UTC,2012-03-27 14:54:20 UTC
50,Brent,MacGyver,2012-03-27 14:54:21 UTC,2012-03-27 14:54:21 UTC
51,Adelbert,Stark,2012-03-27 14:54:21 UTC,2012-03-27 14:54:21 UTC
52,Einar,Rodriguez,2012-03-27 14:54:21 UTC,2012-03-27 14:54:21 UTC
53,Yesenia,Leuschke,2012-03-27 14:54:21 UTC,2012-03-27 14:54:21 UTC
54,Elinore,Price,2012-03-27 14:54:21 UTC,2012-03-27 14:54:21 UTC
55,Alysha,Murray,2012-03-27 14:54:21 UTC,2012-03-27 14:54:21 UTC
56,Eleazar,Wisozk,2012-03-27 14:54:22 UTC,2012-03-27 14:54:22 UTC
57,Demarcus,King,2012-03-27 14:54:22 UTC,2012-03-27 14:54:22 UTC
58,Grayce,Hettinger,2012-03-27 14:54:22 UTC,2012-03-27 14:54:22 UTC
59,Beryl,Luettgen,2012-03-27 14:54:23 UTC,2012-03-27 14:54:23 UTC
74,Ralph,Paucek,2012-03-27 14:54:26 UTC,2012-03-27 14:54:26 UTC
169,Valentine,Lang,2012-03-27 14:54:51 UTC,2012-03-27 14:54:51 UTC
184,Cyril,Kilback,2012-03-27 14:54:54 UTC,2012-03-27 14:54:54 UTC
189,Jeffrey,Orn,2012-03-27 14:54:55 UTC,2012-03-27 14:54:55 UTC
231,Shyann,Wolf,2012-03-27 14:55:06 UTC,2012-03-27 14:55:06 UTC
301,Santos,Wolf,2012-03-27 14:55:24 UTC,2012-03-27 14:55:24 UTC
981,Magdalena,Wolf,2012-03-27 14:58:10 UTC,2012-03-27 14:58:10 UTC
999,Clementina,Hudson,2012-03-27 14:58:15 UTC,2012-03-27 14:58:15 UTC
1000,Shawn,Langworth,2012-03-27 14:58:15 UTC,2012-03-27 14:58:15 UTC
